sample_id,language,watermark,pipeline,budget,selected,stop_passed,score,threshold,detected,token_edit_distance,changed_token_ratio,character_edit_distance,semantic_similarity,nli_proxy,protected_preservation,negation_preservation,entities_preserved,numbers_preserved,urls_preserved,quality_passes,latency_ms,estimated_cost_per_1k_tokens,input_tokens,changed_positions
en-001+en-002+en-003+en-004,en,kgw,no_attack,none,True,False,0.8153344496763604,0.6629174810124665,True,0,0.0,0,1.0,1.0,1.0,1.0,True,True,True,True,0.0,0.0,217,0
en-001+en-002+en-003+en-004,en,kgw,simple_paraphrase,fixed,True,False,0.5993750639571951,0.6629174810124665,False,33,0.15207373271889402,219,1.0,1.0,1.0,1.0,True,True,True,True,0.7312502712011337,0.0,217,33
en-001+en-002+en-003+en-004,en,kgw,sira,paper_default,True,False,0.5178512133445288,0.6629174810124665,False,35,0.16129032258064516,215,1.0,1.0,1.0,1.0,True,True,True,True,0.9864168241620064,0.0,217,35
en-001+en-002+en-003+en-004,en,kgw,bira,paper_proxy,True,False,0.6007105342290742,0.6629174810124665,False,32,0.14746543778801843,200,1.0,1.0,1.0,1.0,True,True,True,True,1.0585840791463852,0.0,217,32
en-001+en-002+en-003+en-004,en,kgw,bira_position_aware,conservative,False,False,0.7838025799256703,0.6629174810124665,True,8,0.03686635944700461,59,1.0,1.0,1.0,1.0,True,True,True,True,0.8344994857907295,0.0,217,8
en-001+en-002+en-003+en-004,en,kgw,bira_position_aware,intermediate,False,False,0.6676728333736428,0.6629174810124665,True,18,0.08294930875576037,116,1.0,1.0,1.0,1.0,True,True,True,True,0.889957882463932,0.0,217,18
en-001+en-002+en-003+en-004,en,kgw,bira_position_aware,aggressive,True,True,0.6039176855665753,0.6629174810124665,False,33,0.15207373271889402,210,1.0,1.0,1.0,1.0,True,True,True,True,1.0792091488838196,0.0,217,33
en-001+en-002+en-003+en-004,en,unigram,no_attack,none,True,False,0.8776530398519246,0.6978550580728377,True,0,0.0,0,1.0,1.0,1.0,1.0,True,True,True,True,0.0,0.0,217,0
en-001+en-002+en-003+en-004,en,unigram,simple_paraphrase,fixed,True,False,0.3610611157230583,0.6978550580728377,False,33,0.15207373271889402,232,1.0,1.0,1.0,1.0,True,True,True,True,0.7387502118945122,0.0,217,33
en-001+en-002+en-003+en-004,en,unigram,sira,paper_default,True,False,0.4810244474900874,0.6978550580728377,False,35,0.16129032258064516,240,1.0,1.0,1.0,1.0,True,True,True,True,1.0122917592525482,0.0,217,35
en-001+en-002+en-003+en-004,en,unigram,bira,paper_proxy,True,False,0.4396804527818334,0.6978550580728377,False,40,0.18433179723502305,268,1.0,1.0,1.0,1.0,True,True,True,True,1.088458113372326,0.0,217,40
en-001+en-002+en-003+en-004,en,unigram,bira_position_aware,conservative,False,False,0.748441408696917,0.6978550580728377,True,8,0.03686635944700461,61,1.0,1.0,1.0,1.0,True,True,True,True,0.8685421198606491,0.0,217,8
en-001+en-002+en-003+en-004,en,unigram,bira_position_aware,intermediate,True,True,0.6486699861277412,0.6978550580728377,False,18,0.08294930875576037,124,1.0,1.0,1.0,1.0,True,True,True,True,0.952000729739666,0.0,217,18
en-001+en-002+en-003+en-004,en,synthid_tournament,no_attack,none,True,False,0.64313072626136,0.6076514598908456,True,0,0.0,0,1.0,1.0,1.0,1.0,True,True,True,True,0.0,0.0,217,0
en-001+en-002+en-003+en-004,en,synthid_tournament,simple_paraphrase,fixed,True,False,0.605842163724534,0.6076514598908456,False,33,0.15207373271889402,218,1.0,1.0,1.0,1.0,True,True,True,True,0.7428331300616264,0.0,217,33
en-001+en-002+en-003+en-004,en,synthid_tournament,sira,paper_default,True,False,0.47795301531483075,0.6076514598908456,False,35,0.16129032258064516,226,1.0,1.0,1.0,1.0,True,True,True,True,0.9887916967272758,0.0,217,35
en-001+en-002+en-003+en-004,en,synthid_tournament,bira,paper_proxy,True,False,0.47795301531483075,0.6076514598908456,False,35,0.16129032258064516,226,1.0,1.0,1.0,1.0,True,True,True,True,1.0587908327579498,0.0,217,35
en-001+en-002+en-003+en-004,en,synthid_tournament,bira_position_aware,conservative,False,False,0.6217626243365404,0.6076514598908456,True,8,0.03686635944700461,60,1.0,1.0,1.0,1.0,True,True,True,True,0.8346252143383026,0.0,217,8
en-001+en-002+en-003+en-004,en,synthid_tournament,bira_position_aware,intermediate,False,False,0.6215526528232256,0.6076514598908456,True,18,0.08294930875576037,122,1.0,1.0,1.0,1.0,True,True,True,True,0.8894167840480804,0.0,217,18
en-001+en-002+en-003+en-004,en,synthid_tournament,bira_position_aware,aggressive,True,True,0.5035264491130714,0.6076514598908456,False,33,0.15207373271889402,214,1.0,1.0,1.0,1.0,True,True,True,True,1.0042088106274605,0.0,217,33
en-002+en-003+en-004+en-005,en,kgw,no_attack,none,True,False,0.8531683085680744,0.6629174810124665,True,0,0.0,0,1.0,1.0,1.0,1.0,True,True,True,True,0.0,0.0,215,0
en-002+en-003+en-004+en-005,en,kgw,simple_paraphrase,fixed,True,False,0.5577083687855628,0.6629174810124665,False,28,0.13023255813953488,185,1.0,1.0,1.0,1.0,True,True,True,True,0.7215831428766251,0.0,215,28
en-002+en-003+en-004+en-005,en,kgw,sira,paper_default,True,False,0.5345933557052069,0.6629174810124665,False,31,0.14418604651162792,204,1.0,1.0,1.0,1.0,True,True,True,True,0.955791212618351,0.0,215,31
en-002+en-003+en-004+en-005,en,kgw,bira,paper_proxy,True,False,0.5822896841161866,0.6629174810124665,False,30,0.13953488372093023,200,1.0,1.0,1.0,1.0,True,True,True,True,1.0388754308223724,0.0,215,30
en-002+en-003+en-004+en-005,en,kgw,bira_position_aware,conservative,False,False,0.7929596023795736,0.6629174810124665,True,7,0.03255813953488372,54,1.0,1.0,1.0,1.0,True,True,True,True,0.8365418761968613,0.0,215,7
en-002+en-003+en-004+en-005,en,kgw,bira_position_aware,intermediate,False,False,0.6783351718059555,0.6629174810124665,True,16,0.07441860465116279,109,1.0,1.0,1.0,1.0,True,True,True,True,0.9482083842158318,0.0,215,16
en-002+en-003+en-004+en-005,en,kgw,bira_position_aware,aggressive,True,True,0.6089034515081628,0.6629174810124665,False,28,0.13023255813953488,192,1.0,1.0,1.0,1.0,True,True,True,True,0.9485408663749695,0.0,215,28
en-002+en-003+en-004+en-005,en,unigram,no_attack,none,True,False,0.883474420472109,0.6978550580728377,True,0,0.0,0,1.0,1.0,1.0,1.0,True,True,True,True,0.0,0.0,215,0
en-002+en-003+en-004+en-005,en,unigram,simple_paraphrase,fixed,True,False,0.3517892245383649,0.6978550580728377,False,28,0.13023255813953488,186,1.0,1.0,1.0,1.0,True,True,True,True,0.7224157452583313,0.0,215,28
en-002+en-003+en-004+en-005,en,unigram,sira,paper_default,True,False,0.42050900182273604,0.6978550580728377,False,31,0.14418604651162792,215,1.0,1.0,1.0,1.0,True,True,True,True,0.9521674364805222,0.0,215,31
en-002+en-003+en-004+en-005,en,unigram,bira,paper_proxy,True,False,0.3720477383645867,0.6978550580728377,False,36,0.16744186046511628,247,1.0,1.0,1.0,1.0,True,True,True,True,1.0458333417773247,0.0,215,36
en-002+en-003+en-004+en-005,en,unigram,bira_position_aware,conservative,False,False,0.7560056073519149,0.6978550580728377,True,7,0.03255813953488372,55,1.0,1.0,1.0,1.0,True,True,True,True,0.8156662806868553,0.0,215,7
en-002+en-003+en-004+en-005,en,unigram,bira_position_aware,intermediate,True,True,0.5919321594124765,0.6978550580728377,False,16,0.07441860465116279,116,1.0,1.0,1.0,1.0,True,True,True,True,0.9748330339789391,0.0,215,16
en-002+en-003+en-004+en-005,en,synthid_tournament,no_attack,none,True,False,0.6369882874443783,0.6076514598908456,True,0,0.0,0,1.0,1.0,1.0,1.0,True,True,True,True,0.0,0.0,215,0
en-002+en-003+en-004+en-005,en,synthid_tournament,simple_paraphrase,fixed,True,False,0.5530960936465394,0.6076514598908456,False,28,0.13023255813953488,181,1.0,1.0,1.0,1.0,True,True,True,True,0.7599582895636559,0.0,215,28
en-002+en-003+en-004+en-005,en,synthid_tournament,sira,paper_default,True,False,0.4906667620950616,0.6076514598908456,False,31,0.14418604651162792,207,1.0,1.0,1.0,1.0,True,True,True,True,0.9613344445824623,0.0,215,31
en-002+en-003+en-004+en-005,en,synthid_tournament,bira,paper_proxy,True,False,0.4973463541008244,0.6076514598908456,False,27,0.12558139534883722,181,1.0,1.0,1.0,1.0,True,True,True,True,1.1014994233846664,0.0,215,27
en-002+en-003+en-004+en-005,en,synthid_tournament,bira_position_aware,conservative,False,False,0.6640666681007361,0.6076514598908456,True,7,0.03255813953488372,52,1.0,1.0,1.0,1.0,True,True,True,True,0.8484590798616409,0.0,215,7
en-002+en-003+en-004+en-005,en,synthid_tournament,bira_position_aware,intermediate,True,True,0.6021727338472261,0.6076514598908456,False,16,0.07441860465116279,111,1.0,1.0,1.0,1.0,True,True,True,True,0.86162518709898,0.0,215,16
en-003+en-004+en-005+en-006,en,kgw,no_attack,none,True,False,0.854652943123084,0.6629174810124665,True,0,0.0,0,1.0,1.0,1.0,1.0,True,True,True,True,0.0,0.0,211,0
en-003+en-004+en-005+en-006,en,kgw,simple_paraphrase,fixed,True,False,0.6011077243044993,0.6629174810124665,False,28,0.13270142180094788,187,1.0,1.0,1.0,1.0,True,True,True,True,0.7124999538064003,0.0,211,28
en-003+en-004+en-005+en-006,en,kgw,sira,paper_default,True,False,0.5822900170254965,0.6629174810124665,False,31,0.14691943127962084,207,1.0,1.0,1.0,1.0,True,True,True,True,0.9355833753943443,0.0,211,31
en-003+en-004+en-005+en-006,en,kgw,bira,paper_proxy,True,False,0.60582671562617,0.6629174810124665,False,29,0.13744075829383887,197,1.0,1.0,1.0,1.0,True,True,True,True,1.0510822758078575,0.0,211,29
en-003+en-004+en-005+en-006,en,kgw,bira_position_aware,conservative,False,False,0.8181878332609823,0.6629174810124665,True,7,0.03317535545023697,53,1.0,1.0,1.0,1.0,True,True,True,True,0.7914165034890175,0.0,211,7
en-003+en-004+en-005+en-006,en,kgw,bira_position_aware,intermediate,True,True,0.655365215687977,0.6629174810124665,False,16,0.07582938388625593,114,1.0,1.0,1.0,1.0,True,True,True,True,0.8632922545075417,0.0,211,16
en-003+en-004+en-005+en-006,en,unigram,no_attack,none,True,False,0.8819228089548478,0.6978550580728377,True,0,0.0,0,1.0,1.0,1.0,1.0,True,True,True,True,0.0,0.0,211,0
en-003+en-004+en-005+en-006,en,unigram,simple_paraphrase,fixed,True,False,0.36944904486345564,0.6978550580728377,False,28,0.13270142180094788,202,1.0,1.0,1.0,1.0,True,True,True,True,0.7041674107313156,0.0,211,28
en-003+en-004+en-005+en-006,en,unigram,sira,paper_default,True,False,0.4425347001670871,0.6978550580728377,False,31,0.14691943127962084,207,1.0,1.0,1.0,1.0,True,True,True,True,0.9103324264287949,0.0,211,31
en-003+en-004+en-005+en-006,en,unigram,bira,paper_proxy,True,False,0.4423026896175801,0.6978550580728377,False,33,0.15639810426540285,219,1.0,1.0,1.0,1.0,True,True,True,True,1.0672081261873245,0.0,211,33
en-003+en-004+en-005+en-006,en,unigram,bira_position_aware,conservative,False,False,0.7746569113031405,0.6978550580728377,True,7,0.03317535545023697,55,1.0,1.0,1.0,1.0,True,True,True,True,0.8280836045742035,0.0,211,7
en-003+en-004+en-005+en-006,en,unigram,bira_position_aware,intermediate,True,True,0.61075894834498,0.6978550580728377,False,16,0.07582938388625593,108,1.0,1.0,1.0,1.0,True,True,True,True,0.8822493255138397,0.0,211,16
en-003+en-004+en-005+en-006,en,synthid_tournament,no_attack,none,True,False,0.637017680026371,0.6076514598908456,True,0,0.0,0,1.0,1.0,1.0,1.0,True,True,True,True,0.0,0.0,211,0
en-003+en-004+en-005+en-006,en,synthid_tournament,simple_paraphrase,fixed,True,False,0.5428219027832438,0.6076514598908456,False,28,0.13270142180094788,200,1.0,1.0,1.0,1.0,True,True,True,True,0.7093343883752823,0.0,211,28
en-003+en-004+en-005+en-006,en,synthid_tournament,sira,paper_default,True,False,0.5317788472957649,0.6076514598908456,False,31,0.14691943127962084,219,1.0,1.0,1.0,1.0,True,True,True,True,0.9607914835214615,0.0,211,31
en-003+en-004+en-005+en-006,en,synthid_tournament,bira,paper_proxy,True,False,0.5226968723722851,0.6076514598908456,False,27,0.12796208530805686,192,1.0,1.0,1.0,1.0,True,True,True,True,0.9874571114778519,0.0,211,27
en-003+en-004+en-005+en-006,en,synthid_tournament,bira_position_aware,conservative,False,False,0.6206479655870583,0.6076514598908456,True,7,0.03317535545023697,51,1.0,1.0,1.0,1.0,True,True,True,True,0.8122920989990234,0.0,211,7
en-003+en-004+en-005+en-006,en,synthid_tournament,bira_position_aware,intermediate,True,True,0.5652060352978827,0.6076514598908456,False,16,0.07582938388625593,117,1.0,1.0,1.0,1.0,True,True,True,True,0.8464157581329346,0.0,211,16
en-004+en-005+en-006+en-007,en,kgw,no_attack,none,True,False,0.8230212931355322,0.6629174810124665,True,0,0.0,0,1.0,1.0,1.0,1.0,True,True,True,True,0.0,0.0,203,0
en-004+en-005+en-006+en-007,en,kgw,simple_paraphrase,fixed,True,False,0.5955139391895462,0.6629174810124665,False,27,0.1330049261083744,170,1.0,1.0,1.0,1.0,True,True,True,True,0.7059164345264435,0.0,203,27
en-004+en-005+en-006+en-007,en,kgw,sira,paper_default,True,False,0.5858785111879397,0.6629174810124665,False,29,0.14285714285714285,200,1.0,1.0,1.0,1.0,True,True,True,True,0.9123338386416435,0.0,203,29
en-004+en-005+en-006+en-007,en,kgw,bira,paper_proxy,True,False,0.586906923118199,0.6629174810124665,False,28,0.13793103448275862,196,1.0,1.0,1.0,1.0,True,True,True,True,1.0072924196720123,0.0,203,28
en-004+en-005+en-006+en-007,en,kgw,bira_position_aware,conservative,False,False,0.8066335613226818,0.6629174810124665,True,7,0.034482758620689655,50,1.0,1.0,1.0,1.0,True,True,True,True,0.7786666974425316,0.0,203,7
en-004+en-005+en-006+en-007,en,kgw,bira_position_aware,intermediate,True,True,0.660329211291818,0.6629174810124665,False,15,0.07389162561576355,109,1.0,1.0,1.0,1.0,True,True,True,True,0.816958025097847,0.0,203,15
en-004+en-005+en-006+en-007,en,unigram,no_attack,none,True,False,0.8279875007062094,0.6978550580728377,True,0,0.0,0,1.0,1.0,1.0,1.0,True,True,True,True,0.0,0.0,203,0
en-004+en-005+en-006+en-007,en,unigram,simple_paraphrase,fixed,True,False,0.3256567176686987,0.6978550580728377,False,27,0.1330049261083744,190,1.0,1.0,1.0,1.0,True,True,True,True,0.7125828415155411,0.0,203,27
en-004+en-005+en-006+en-007,en,unigram,sira,paper_default,True,False,0.4422001555855518,0.6978550580728377,False,29,0.14285714285714285,199,1.0,1.0,1.0,1.0,True,True,True,True,0.9024161845445633,0.0,203,29
en-004+en-005+en-006+en-007,en,unigram,bira,paper_proxy,True,False,0.3909350131472833,0.6978550580728377,False,33,0.1625615763546798,229,1.0,1.0,1.0,1.0,True,True,True,True,0.9907092899084091,0.0,203,33
en-004+en-005+en-006+en-007,en,unigram,bira_position_aware,conservative,False,False,0.7136725999589336,0.6978550580728377,True,7,0.034482758620689655,56,1.0,1.0,1.0,1.0,True,True,True,True,0.7746247574687004,0.0,203,7
en-004+en-005+en-006+en-007,en,unigram,bira_position_aware,intermediate,True,True,0.5414514844813015,0.6978550580728377,False,15,0.07389162561576355,104,1.0,1.0,1.0,1.0,True,True,True,True,0.815042294561863,0.0,203,15
en-004+en-005+en-006+en-007,en,synthid_tournament,no_attack,none,True,False,0.6528613133779061,0.6076514598908456,True,0,0.0,0,1.0,1.0,1.0,1.0,True,True,True,True,0.0,0.0,203,0
en-004+en-005+en-006+en-007,en,synthid_tournament,simple_paraphrase,fixed,True,False,0.5615139462193539,0.6076514598908456,False,27,0.1330049261083744,182,1.0,1.0,1.0,1.0,True,True,True,True,0.7170001044869423,0.0,203,27
en-004+en-005+en-006+en-007,en,synthid_tournament,sira,paper_default,True,False,0.5191032627080635,0.6076514598908456,False,29,0.14285714285714285,201,1.0,1.0,1.0,1.0,True,True,True,True,0.8780835196375847,0.0,203,29
en-004+en-005+en-006+en-007,en,synthid_tournament,bira,paper_proxy,True,False,0.5504166769536775,0.6076514598908456,False,25,0.12315270935960591,171,1.0,1.0,1.0,1.0,True,True,True,True,0.9570000693202019,0.0,203,25
en-004+en-005+en-006+en-007,en,synthid_tournament,bira_position_aware,conservative,False,False,0.6452092116637631,0.6076514598908456,True,7,0.034482758620689655,51,1.0,1.0,1.0,1.0,True,True,True,True,0.7557496428489685,0.0,203,7
en-004+en-005+en-006+en-007,en,synthid_tournament,bira_position_aware,intermediate,True,True,0.5816052114358473,0.6076514598908456,False,15,0.07389162561576355,100,1.0,1.0,1.0,1.0,True,True,True,True,0.8743759244680405,0.0,203,15
en-005+en-006+en-007+en-008,en,kgw,no_attack,none,True,False,0.8404067309660715,0.6629174810124665,True,0,0.0,0,1.0,1.0,1.0,1.0,True,True,True,True,0.0,0.0,206,0
en-005+en-006+en-007+en-008,en,kgw,simple_paraphrase,fixed,True,False,0.6213338399349126,0.6629174810124665,False,26,0.1262135922330097,174,0.9929078014184397,0.9929078014184397,1.0,1.0,True,True,True,True,0.7135001942515373,0.0,206,26
en-005+en-006+en-007+en-008,en,kgw,sira,paper_default,True,False,0.6156289653716831,0.6629174810124665,False,28,0.13592233009708737,197,1.0,1.0,1.0,1.0,True,True,True,True,0.9382916614413261,0.0,206,28
en-005+en-006+en-007+en-008,en,kgw,bira,paper_proxy,True,False,0.6167468546627278,0.6629174810124665,False,27,0.13106796116504854,193,1.0,1.0,1.0,1.0,True,True,True,True,0.985957682132721,0.0,206,27
en-005+en-006+en-007+en-008,en,kgw,bira_position_aware,conservative,False,False,0.8221476691036201,0.6629174810124665,True,6,0.02912621359223301,44,1.0,1.0,1.0,1.0,True,True,True,True,0.8078748360276222,0.0,206,6
en-005+en-006+en-007+en-008,en,kgw,bira_position_aware,intermediate,False,False,0.7203628611852662,0.6629174810124665,True,14,0.06796116504854369,102,1.0,1.0,1.0,1.0,True,True,True,True,0.8531669154763222,0.0,206,14
en-005+en-006+en-007+en-008,en,kgw,bira_position_aware,aggressive,True,True,0.5958318277653393,0.6629174810124665,False,26,0.1262135922330097,186,1.0,1.0,1.0,1.0,True,True,True,True,0.8863750845193863,0.0,206,26
en-005+en-006+en-007+en-008,en,unigram,no_attack,none,True,False,0.8197942746259103,0.6978550580728377,True,0,0.0,0,1.0,1.0,1.0,1.0,True,True,True,True,0.0,0.0,206,0
en-005+en-006+en-007+en-008,en,unigram,simple_paraphrase,fixed,True,False,0.4342513404621098,0.6978550580728377,False,26,0.1262135922330097,181,1.0,1.0,1.0,1.0,True,True,True,True,0.6787087768316269,0.0,206,26
en-005+en-006+en-007+en-008,en,unigram,sira,paper_default,True,False,0.4633768046732886,0.6978550580728377,False,28,0.13592233009708737,201,1.0,1.0,1.0,1.0,True,True,True,True,0.9002918377518654,0.0,206,28
en-005+en-006+en-007+en-008,en,unigram,bira,paper_proxy,True,False,0.43643361955810495,0.6978550580728377,False,31,0.15048543689320387,222,1.0,1.0,1.0,1.0,True,True,True,True,0.974792055785656,0.0,206,31
en-005+en-006+en-007+en-008,en,unigram,bira_position_aware,conservative,False,False,0.7766918944872083,0.6978550580728377,True,6,0.02912621359223301,50,1.0,1.0,1.0,1.0,True,True,True,True,0.8187498897314072,0.0,206,6
en-005+en-006+en-007+en-008,en,unigram,bira_position_aware,intermediate,True,True,0.6210779150629601,0.6978550580728377,False,14,0.06796116504854369,96,1.0,1.0,1.0,1.0,True,True,True,True,0.8464576676487923,0.0,206,14
en-005+en-006+en-007+en-008,en,synthid_tournament,no_attack,none,True,False,0.6985583846979895,0.6076514598908456,True,0,0.0,0,1.0,1.0,1.0,1.0,True,True,True,True,0.0,0.0,206,0
en-005+en-006+en-007+en-008,en,synthid_tournament,simple_paraphrase,fixed,True,False,0.5158330692204492,0.6076514598908456,False,26,0.1262135922330097,198,1.0,1.0,1.0,1.0,True,True,True,True,0.6972914561629295,0.0,206,26
en-005+en-006+en-007+en-008,en,synthid_tournament,sira,paper_default,True,False,0.5117016050200616,0.6076514598908456,False,28,0.13592233009708737,199,1.0,1.0,1.0,1.0,True,True,True,True,0.8659595623612404,0.0,206,28
en-005+en-006+en-007+en-008,en,synthid_tournament,bira,paper_proxy,True,False,0.518888457045284,0.6076514598908456,False,27,0.13106796116504854,192,1.0,1.0,1.0,1.0,True,True,True,True,0.9446246549487114,0.0,206,27
en-005+en-006+en-007+en-008,en,synthid_tournament,bira_position_aware,conservative,False,False,0.6636950102691775,0.6076514598908456,True,6,0.02912621359223301,44,1.0,1.0,1.0,1.0,True,True,True,True,0.761709176003933,0.0,206,6
en-005+en-006+en-007+en-008,en,synthid_tournament,bira_position_aware,intermediate,True,True,0.5991691942936435,0.6076514598908456,False,14,0.06796116504854369,100,1.0,1.0,1.0,1.0,True,True,True,True,0.9589586406946182,0.0,206,14
en-006+en-007+en-008+en-001,en,kgw,no_attack,none,True,False,0.8010574028904,0.6629174810124665,True,0,0.0,0,1.0,1.0,1.0,1.0,True,True,True,True,0.0,0.0,208,0
en-006+en-007+en-008+en-001,en,kgw,simple_paraphrase,fixed,True,False,0.6054751385419616,0.6629174810124665,False,30,0.14423076923076922,194,0.9931972789115646,0.9931972789115646,1.0,1.0,True,True,True,True,0.735042616724968,0.0,208,30
en-006+en-007+en-008+en-001,en,kgw,sira,paper_default,True,False,0.5878383722151602,0.6629174810124665,False,33,0.15865384615384615,215,1.0,1.0,1.0,1.0,True,True,True,True,0.9719589725136757,0.0,208,33
en-006+en-007+en-008+en-001,en,kgw,bira,paper_proxy,True,False,0.6315355747346831,0.6629174810124665,False,29,0.13942307692307693,193,1.0,1.0,1.0,1.0,True,True,True,True,1.0188333690166473,0.0,208,29
en-006+en-007+en-008+en-001,en,kgw,bira_position_aware,conservative,False,False,0.8101004930124962,0.6629174810124665,True,7,0.03365384615384615,49,1.0,1.0,1.0,1.0,True,True,True,True,0.932374969124794,0.0,208,7
en-006+en-007+en-008+en-001,en,kgw,bira_position_aware,intermediate,False,False,0.6807491584640502,0.6629174810124665,True,17,0.08173076923076923,116,1.0,1.0,1.0,1.0,True,True,True,True,0.9190421551465988,0.0,208,17
en-006+en-007+en-008+en-001,en,kgw,bira_position_aware,aggressive,True,True,0.6088431978047149,0.6629174810124665,False,30,0.14423076923076922,199,1.0,1.0,1.0,1.0,True,True,True,True,0.9393328800797462,0.0,208,30
en-006+en-007+en-008+en-001,en,unigram,no_attack,none,True,False,0.8227927152694812,0.6978550580728377,True,0,0.0,0,1.0,1.0,1.0,1.0,True,True,True,True,0.0,0.0,208,0
en-006+en-007+en-008+en-001,en,unigram,simple_paraphrase,fixed,True,False,0.41261031793147396,0.6978550580728377,False,30,0.14423076923076922,212,1.0,1.0,1.0,1.0,True,True,True,True,0.7285419851541519,0.0,208,30
en-006+en-007+en-008+en-001,en,unigram,sira,paper_default,True,False,0.5001599321061401,0.6978550580728377,False,33,0.15865384615384615,231,1.0,1.0,1.0,1.0,True,True,True,True,0.9547499939799309,0.0,208,33
en-006+en-007+en-008+en-001,en,unigram,bira,paper_proxy,True,False,0.5001267586940366,0.6978550580728377,False,35,0.16826923076923078,243,1.0,1.0,1.0,1.0,True,True,True,True,1.0187085717916489,0.0,208,35
en-006+en-007+en-008+en-001,en,unigram,bira_position_aware,conservative,False,False,0.7694601710814817,0.6978550580728377,True,7,0.03365384615384615,52,1.0,1.0,1.0,1.0,True,True,True,True,0.8187917992472649,0.0,208,7
en-006+en-007+en-008+en-001,en,unigram,bira_position_aware,intermediate,True,True,0.6570456406154204,0.6978550580728377,False,17,0.08173076923076923,110,1.0,1.0,1.0,1.0,True,True,True,True,0.8445000275969505,0.0,208,17
en-006+en-007+en-008+en-001,en,synthid_tournament,no_attack,none,True,False,0.6948055190622033,0.6076514598908456,True,0,0.0,0,1.0,1.0,1.0,1.0,True,True,True,True,0.0,0.0,208,0
en-006+en-007+en-008+en-001,en,synthid_tournament,simple_paraphrase,fixed,True,False,0.4093591894074429,0.6076514598908456,False,30,0.14423076923076922,205,1.0,1.0,1.0,1.0,True,True,True,True,0.7297499105334282,0.0,208,30
en-006+en-007+en-008+en-001,en,synthid_tournament,sira,paper_default,True,False,0.48534114681205304,0.6076514598908456,False,33,0.15865384615384615,225,1.0,1.0,1.0,1.0,True,True,True,True,0.9631244465708733,0.0,208,33
en-006+en-007+en-008+en-001,en,synthid_tournament,bira,paper_proxy,True,False,0.48696733796934005,0.6076514598908456,False,35,0.16826923076923078,234,1.0,1.0,1.0,1.0,True,True,True,True,0.9843325242400169,0.0,208,35
en-006+en-007+en-008+en-001,en,synthid_tournament,bira_position_aware,conservative,False,False,0.6961021677709441,0.6076514598908456,True,7,0.03365384615384615,49,1.0,1.0,1.0,1.0,True,True,True,True,0.8274158462882042,0.0,208,7
en-006+en-007+en-008+en-001,en,synthid_tournament,bira_position_aware,intermediate,False,False,0.6425460267766414,0.6076514598908456,True,17,0.08173076923076923,116,1.0,1.0,1.0,1.0,True,True,True,True,0.8778749033808708,0.0,208,17
en-006+en-007+en-008+en-001,en,synthid_tournament,bira_position_aware,aggressive,True,True,0.536235165869868,0.6076514598908456,False,30,0.14423076923076922,207,1.0,1.0,1.0,1.0,True,True,True,True,0.940375030040741,0.0,208,30
en-007+en-008+en-001+en-002,en,kgw,no_attack,none,True,False,0.7998352078246604,0.6629174810124665,True,0,0.0,0,1.0,1.0,1.0,1.0,True,True,True,True,0.0,0.0,212,0
en-007+en-008+en-001+en-002,en,kgw,simple_paraphrase,fixed,True,False,0.5855404753989252,0.6629174810124665,False,30,0.14150943396226415,188,0.9933774834437086,0.9933774834437086,1.0,1.0,True,True,True,True,0.720541924238205,0.0,212,30
en-007+en-008+en-001+en-002,en,kgw,sira,paper_default,True,False,0.5649192998706669,0.6629174810124665,False,33,0.15566037735849056,209,1.0,1.0,1.0,1.0,True,True,True,True,0.9570000693202019,0.0,212,33
en-007+en-008+en-001+en-002,en,kgw,bira,paper_proxy,True,False,0.6095505791655939,0.6629174810124665,False,30,0.14150943396226415,196,1.0,1.0,1.0,1.0,True,True,True,True,1.066458411514759,0.0,212,30
en-007+en-008+en-001+en-002,en,kgw,bira_position_aware,conservative,False,False,0.7863550798241532,0.6629174810124665,True,7,0.0330188679245283,50,1.0,1.0,1.0,1.0,True,True,True,True,0.8346661925315857,0.0,212,7
en-007+en-008+en-001+en-002,en,kgw,bira_position_aware,intermediate,False,False,0.7024779115512587,0.6629174810124665,True,17,0.08018867924528301,111,1.0,1.0,1.0,1.0,True,True,True,True,0.9006252512335777,0.0,212,17
en-007+en-008+en-001+en-002,en,kgw,bira_position_aware,aggressive,True,True,0.652882503224458,0.6629174810124665,False,30,0.14150943396226415,196,1.0,1.0,1.0,1.0,True,True,True,True,0.9705834090709686,0.0,212,30
en-007+en-008+en-001+en-002,en,unigram,no_attack,none,True,False,0.8249674289585515,0.6978550580728377,True,0,0.0,0,1.0,1.0,1.0,1.0,True,True,True,True,0.0,0.0,212,0
en-007+en-008+en-001+en-002,en,unigram,simple_paraphrase,fixed,True,False,0.39417508657222916,0.6978550580728377,False,30,0.14150943396226415,198,1.0,1.0,1.0,1.0,True,True,True,True,0.7413327693939209,0.0,212,30
en-007+en-008+en-001+en-002,en,unigram,sira,paper_default,True,False,0.4572959364251414,0.6978550580728377,False,33,0.15566037735849056,231,1.0,1.0,1.0,1.0,True,True,True,True,0.9803753346204758,0.0,212,33
en-007+en-008+en-001+en-002,en,unigram,bira,paper_proxy,True,False,0.4344696339148642,0.6978550580728377,False,38,0.1792452830188679,271,1.0,1.0,1.0,1.0,True,True,True,True,1.0686665773391724,0.0,212,38
en-007+en-008+en-001+en-002,en,unigram,bira_position_aware,conservative,False,False,0.7004951171558792,0.6978550580728377,True,7,0.0330188679245283,57,1.0,1.0,1.0,1.0,True,True,True,True,0.8380003273487091,0.0,212,7
en-007+en-008+en-001+en-002,en,unigram,bira_position_aware,intermediate,True,True,0.6390690952495849,0.6978550580728377,False,17,0.08018867924528301,118,1.0,1.0,1.0,1.0,True,True,True,True,0.8695833384990692,0.0,212,17
en-007+en-008+en-001+en-002,en,synthid_tournament,no_attack,none,True,False,0.6930859475156939,0.6076514598908456,True,0,0.0,0,1.0,1.0,1.0,1.0,True,True,True,True,0.0,0.0,212,0
en-007+en-008+en-001+en-002,en,synthid_tournament,simple_paraphrase,fixed,True,False,0.5250043494966729,0.6076514598908456,False,30,0.14150943396226415,211,1.0,1.0,1.0,1.0,True,True,True,True,0.7056249305605888,0.0,212,30
en-007+en-008+en-001+en-002,en,synthid_tournament,sira,paper_default,True,False,0.48220724733315345,0.6076514598908456,False,33,0.15566037735849056,215,1.0,1.0,1.0,1.0,True,True,True,True,0.9247492998838425,0.0,212,33
en-007+en-008+en-001+en-002,en,synthid_tournament,bira,paper_proxy,True,False,0.4732907003578157,0.6076514598908456,False,34,0.16037735849056603,220,1.0,1.0,1.0,1.0,True,True,True,True,1.024540513753891,0.0,212,34
en-007+en-008+en-001+en-002,en,synthid_tournament,bira_position_aware,conservative,False,False,0.6935654225677815,0.6076514598908456,True,7,0.0330188679245283,50,1.0,1.0,1.0,1.0,True,True,True,True,0.8403332903981209,0.0,212,7
en-007+en-008+en-001+en-002,en,synthid_tournament,bira_position_aware,intermediate,False,False,0.6422179027633155,0.6076514598908456,True,17,0.08018867924528301,113,1.0,1.0,1.0,1.0,True,True,True,True,0.9100828319787979,0.0,212,17
en-007+en-008+en-001+en-002,en,synthid_tournament,bira_position_aware,aggressive,True,True,0.4886787182851529,0.6076514598908456,False,30,0.14150943396226415,203,1.0,1.0,1.0,1.0,True,True,True,True,1.0307086631655693,0.0,212,30
en-008+en-001+en-002+en-003,en,kgw,no_attack,none,True,False,0.8293012579720127,0.6629174810124665,True,0,0.0,0,1.0,1.0,1.0,1.0,True,True,True,True,0.0,0.0,220,0
en-008+en-001+en-002+en-003,en,kgw,simple_paraphrase,fixed,True,False,0.5552024488089056,0.6629174810124665,False,32,0.14545454545454545,203,0.9935483870967742,0.9935483870967742,1.0,1.0,True,True,True,True,0.847875140607357,0.0,220,32
en-008+en-001+en-002+en-003,en,kgw,sira,paper_default,True,False,0.5181736505726395,0.6629174810124665,False,34,0.15454545454545454,215,1.0,1.0,1.0,1.0,True,True,True,True,0.9893747046589851,0.0,220,34
en-008+en-001+en-002+en-003,en,kgw,bira,paper_proxy,True,False,0.6256214001278467,0.6629174810124665,False,31,0.1409090909090909,197,1.0,1.0,1.0,1.0,True,True,True,True,1.0839998722076416,0.0,220,31
en-008+en-001+en-002+en-003,en,kgw,bira_position_aware,conservative,False,False,0.7969043694632717,0.6629174810124665,True,8,0.03636363636363636,60,1.0,1.0,1.0,1.0,True,True,True,True,0.905333086848259,0.0,220,8
en-008+en-001+en-002+en-003,en,kgw,bira_position_aware,intermediate,False,False,0.6745733306718901,0.6629174810124665,True,17,0.07727272727272727,109,1.0,1.0,1.0,1.0,True,True,True,True,0.9109582751989365,0.0,220,17
en-008+en-001+en-002+en-003,en,kgw,bira_position_aware,aggressive,True,True,0.6286537448358251,0.6629174810124665,False,32,0.14545454545454545,209,1.0,1.0,1.0,1.0,True,True,True,True,1.0234173387289047,0.0,220,32
en-008+en-001+en-002+en-003,en,unigram,no_attack,none,True,False,0.8729256553954715,0.6978550580728377,True,0,0.0,0,1.0,1.0,1.0,1.0,True,True,True,True,0.0,0.0,220,0
en-008+en-001+en-002+en-003,en,unigram,simple_paraphrase,fixed,True,False,0.38156089239121915,0.6978550580728377,False,32,0.14545454545454545,212,1.0,1.0,1.0,1.0,True,True,True,True,0.7625836879014969,0.0,220,32
en-008+en-001+en-002+en-003,en,unigram,sira,paper_default,True,False,0.47727200026607425,0.6978550580728377,False,34,0.15454545454545454,231,1.0,1.0,1.0,1.0,True,True,True,True,0.9901672601699829,0.0,220,34
en-008+en-001+en-002+en-003,en,unigram,bira,paper_proxy,True,False,0.47884202849503626,0.6978550580728377,False,38,0.17272727272727273,261,1.0,1.0,1.0,1.0,True,True,True,True,1.1100824922323227,0.0,220,38
en-008+en-001+en-002+en-003,en,unigram,bira_position_aware,conservative,False,False,0.7806734199578182,0.6978550580728377,True,8,0.03636363636363636,63,1.0,1.0,1.0,1.0,True,True,True,True,0.8436255156993866,0.0,220,8
en-008+en-001+en-002+en-003,en,unigram,bira_position_aware,intermediate,True,True,0.657524008298258,0.6978550580728377,False,17,0.07727272727272727,118,1.0,1.0,1.0,1.0,True,True,True,True,0.93850027769804,0.0,220,17
en-008+en-001+en-002+en-003,en,synthid_tournament,no_attack,none,True,False,0.6710796221457574,0.6076514598908456,True,0,0.0,0,1.0,1.0,1.0,1.0,True,True,True,True,0.0,0.0,220,0
en-008+en-001+en-002+en-003,en,synthid_tournament,simple_paraphrase,fixed,True,False,0.5357267231370689,0.6076514598908456,False,32,0.14545454545454545,206,1.0,1.0,1.0,1.0,True,True,True,True,0.762665644288063,0.0,220,32
en-008+en-001+en-002+en-003,en,synthid_tournament,sira,paper_default,True,False,0.4712399576778003,0.6076514598908456,False,34,0.15454545454545454,231,1.0,1.0,1.0,1.0,True,True,True,True,0.9912494570016861,0.0,220,34
en-008+en-001+en-002+en-003,en,synthid_tournament,bira,paper_proxy,True,False,0.4626645874081344,0.6076514598908456,False,35,0.1590909090909091,236,1.0,1.0,1.0,1.0,True,True,True,True,1.0904157534241676,0.0,220,35
en-008+en-001+en-002+en-003,en,synthid_tournament,bira_position_aware,conservative,False,False,0.6556449885617018,0.6076514598908456,True,8,0.03636363636363636,58,1.0,1.0,1.0,1.0,True,True,True,True,0.8469177410006523,0.0,220,8
en-008+en-001+en-002+en-003,en,synthid_tournament,bira_position_aware,intermediate,False,False,0.6254506862235829,0.6076514598908456,True,17,0.07727272727272727,113,1.0,1.0,1.0,1.0,True,True,True,True,0.932999886572361,0.0,220,17
en-008+en-001+en-002+en-003,en,synthid_tournament,bira_position_aware,aggressive,True,True,0.4976760243943595,0.6076514598908456,False,32,0.14545454545454545,217,1.0,1.0,1.0,1.0,True,True,True,True,1.0403748601675034,0.0,220,32
it-001+it-002+it-003+it-004,it,kgw,no_attack,none,True,False,0.7998702417098368,0.7197566501938785,True,0,0.0,0,1.0,1.0,1.0,1.0,True,True,True,True,0.0,0.0,217,0
it-001+it-002+it-003+it-004,it,kgw,simple_paraphrase,fixed,True,False,0.5566591720853987,0.7197566501938785,False,28,0.12903225806451613,180,1.0,1.0,1.0,1.0,True,True,True,True,0.7242504507303238,0.0,217,28
it-001+it-002+it-003+it-004,it,kgw,sira,paper_default,True,False,0.47743449226151047,0.7197566501938785,False,30,0.1382488479262673,201,1.0,1.0,1.0,1.0,True,True,True,True,0.9447094053030014,0.0,217,30
it-001+it-002+it-003+it-004,it,kgw,bira,paper_proxy,True,False,0.47743449226151047,0.7197566501938785,False,30,0.1382488479262673,201,1.0,1.0,1.0,1.0,True,True,True,True,1.0212920606136322,0.0,217,30
it-001+it-002+it-003+it-004,it,kgw,bira_position_aware,conservative,True,True,0.7158086352101785,0.7197566501938785,False,7,0.03225806451612903,52,1.0,1.0,1.0,1.0,True,True,True,True,0.8971244096755981,0.0,217,7
it-001+it-002+it-003+it-004,it,unigram,no_attack,none,True,False,0.8756394523214996,0.7044260012710699,True,0,0.0,0,1.0,1.0,1.0,1.0,True,True,True,True,0.0,0.0,217,0
it-001+it-002+it-003+it-004,it,unigram,simple_paraphrase,fixed,True,False,0.49833311648660145,0.7044260012710699,False,28,0.12903225806451613,171,1.0,1.0,1.0,1.0,True,True,True,True,0.768790952861309,0.0,217,28
it-001+it-002+it-003+it-004,it,unigram,sira,paper_default,True,False,0.4212565453657307,0.7044260012710699,False,30,0.1382488479262673,172,1.0,1.0,1.0,1.0,True,True,True,True,0.9694583714008331,0.0,217,30
it-001+it-002+it-003+it-004,it,unigram,bira,paper_proxy,True,False,0.54395505834243,0.7044260012710699,False,22,0.10138248847926268,117,1.0,1.0,1.0,1.0,True,True,True,True,1.043291762471199,0.0,217,22
it-001+it-002+it-003+it-004,it,unigram,bira_position_aware,conservative,False,False,0.7664709032350464,0.7044260012710699,True,7,0.03225806451612903,45,1.0,1.0,1.0,1.0,True,True,True,True,0.8167922496795654,0.0,217,7
it-001+it-002+it-003+it-004,it,unigram,bira_position_aware,intermediate,True,True,0.6208842548092165,0.7044260012710699,False,15,0.06912442396313365,81,1.0,1.0,1.0,1.0,True,True,True,True,0.928499735891819,0.0,217,15
it-001+it-002+it-003+it-004,it,synthid_tournament,no_attack,none,True,False,0.6731920150067344,0.6235376521685319,True,0,0.0,0,1.0,1.0,1.0,1.0,True,True,True,True,0.0,0.0,217,0
it-001+it-002+it-003+it-004,it,synthid_tournament,simple_paraphrase,fixed,True,False,0.49538733012116837,0.6235376521685319,False,28,0.12903225806451613,180,1.0,1.0,1.0,1.0,True,True,True,True,0.7383748888969421,0.0,217,28
it-001+it-002+it-003+it-004,it,synthid_tournament,sira,paper_default,True,False,0.5090012554094756,0.6235376521685319,False,30,0.1382488479262673,192,1.0,1.0,1.0,1.0,True,True,True,True,1.0366663336753845,0.0,217,30
it-001+it-002+it-003+it-004,it,synthid_tournament,bira,paper_proxy,True,False,0.5090012554094756,0.6235376521685319,False,30,0.1382488479262673,192,1.0,1.0,1.0,1.0,True,True,True,True,1.0408340021967888,0.0,217,30
it-001+it-002+it-003+it-004,it,synthid_tournament,bira_position_aware,conservative,True,True,0.622933634675123,0.6235376521685319,False,7,0.03225806451612903,49,1.0,1.0,1.0,1.0,True,True,True,True,0.8447077125310898,0.0,217,7
it-002+it-003+it-004+it-005,it,kgw,no_attack,none,True,False,0.816988273054669,0.7197566501938785,True,0,0.0,0,1.0,1.0,1.0,1.0,True,True,True,True,0.0,0.0,218,0
it-002+it-003+it-004+it-005,it,kgw,simple_paraphrase,fixed,True,False,0.5087615469674466,0.7197566501938785,False,23,0.10550458715596331,154,1.0,1.0,1.0,1.0,True,True,True,True,0.7449164986610413,0.0,218,23
it-002+it-003+it-004+it-005,it,kgw,sira,paper_default,True,False,0.5428293963555478,0.7197566501938785,False,25,0.11467889908256881,176,1.0,1.0,1.0,1.0,True,True,True,True,0.8960403501987457,0.0,218,25
it-002+it-003+it-004+it-005,it,kgw,bira,paper_proxy,True,False,0.5728822315400917,0.7197566501938785,False,24,0.11009174311926606,169,1.0,1.0,1.0,1.0,True,True,True,True,0.9793750941753387,0.0,218,24
it-002+it-003+it-004+it-005,it,kgw,bira_position_aware,conservative,False,False,0.7432365890882101,0.7197566501938785,True,6,0.027522935779816515,44,1.0,1.0,1.0,1.0,True,True,True,True,0.8319579064846039,0.0,218,6
it-002+it-003+it-004+it-005,it,kgw,bira_position_aware,intermediate,True,True,0.6884193925902978,0.7197566501938785,False,13,0.05963302752293578,95,1.0,1.0,1.0,1.0,True,True,True,True,0.840499997138977,0.0,218,13
it-002+it-003+it-004+it-005,it,unigram,no_attack,none,True,False,0.8821039061952812,0.7044260012710699,True,0,0.0,0,1.0,1.0,1.0,1.0,True,True,True,True,0.0,0.0,218,0
it-002+it-003+it-004+it-005,it,unigram,simple_paraphrase,fixed,True,False,0.5362027895425248,0.7044260012710699,False,23,0.10550458715596331,135,1.0,1.0,1.0,1.0,True,True,True,True,0.7474999874830246,0.0,218,23
it-002+it-003+it-004+it-005,it,unigram,sira,paper_default,True,False,0.4187200121406169,0.7044260012710699,False,25,0.11467889908256881,146,1.0,1.0,1.0,1.0,True,True,True,True,0.9423336014151573,0.0,218,25
it-002+it-003+it-004+it-005,it,unigram,bira,paper_proxy,True,False,0.5372082985114822,0.7044260012710699,False,19,0.0871559633027523,104,1.0,1.0,1.0,1.0,True,True,True,True,0.9953752160072327,0.0,218,19
it-002+it-003+it-004+it-005,it,unigram,bira_position_aware,conservative,False,False,0.773194046799056,0.7044260012710699,True,6,0.027522935779816515,34,1.0,1.0,1.0,1.0,True,True,True,True,0.8143335580825806,0.0,218,6
it-002+it-003+it-004+it-005,it,unigram,bira_position_aware,intermediate,True,True,0.6316229980352374,0.7044260012710699,False,13,0.05963302752293578,71,1.0,1.0,1.0,1.0,True,True,True,True,0.8329572156071663,0.0,218,13
it-002+it-003+it-004+it-005,it,synthid_tournament,no_attack,none,True,False,0.7365758688207602,0.6235376521685319,True,0,0.0,0,1.0,1.0,1.0,1.0,True,True,True,True,0.0,0.0,218,0
it-002+it-003+it-004+it-005,it,synthid_tournament,simple_paraphrase,fixed,True,False,0.5634958061924865,0.6235376521685319,False,23,0.10550458715596331,155,1.0,1.0,1.0,1.0,True,True,True,True,0.7262080907821655,0.0,218,23
it-002+it-003+it-004+it-005,it,synthid_tournament,sira,paper_default,True,False,0.5094632848799605,0.6235376521685319,False,25,0.11467889908256881,162,1.0,1.0,1.0,1.0,True,True,True,True,0.944000668823719,0.0,218,25
it-002+it-003+it-004+it-005,it,synthid_tournament,bira,paper_proxy,True,False,0.5106242270112236,0.6235376521685319,False,24,0.11009174311926606,155,1.0,1.0,1.0,1.0,True,True,True,True,0.9920001029968262,0.0,218,24
it-002+it-003+it-004+it-005,it,synthid_tournament,bira_position_aware,conservative,False,False,0.6588986165163434,0.6235376521685319,True,6,0.027522935779816515,39,1.0,1.0,1.0,1.0,True,True,True,True,0.7957927882671356,0.0,218,6
it-002+it-003+it-004+it-005,it,synthid_tournament,bira_position_aware,intermediate,True,True,0.6227958199567004,0.6235376521685319,False,13,0.05963302752293578,86,1.0,1.0,1.0,1.0,True,True,True,True,0.8712494745850563,0.0,218,13
it-003+it-004+it-005+it-006,it,kgw,no_attack,none,True,False,0.9034668678669471,0.7197566501938785,True,0,0.0,0,1.0,1.0,1.0,1.0,True,True,True,True,0.0,0.0,214,0
it-003+it-004+it-005+it-006,it,kgw,simple_paraphrase,fixed,True,False,0.6570718313033741,0.7197566501938785,False,23,0.10747663551401869,155,1.0,1.0,1.0,1.0,True,True,True,True,0.7112491875886917,0.0,214,23
it-003+it-004+it-005+it-006,it,kgw,sira,paper_default,True,False,0.5578406343876462,0.7197566501938785,False,24,0.11214953271028037,171,1.0,1.0,1.0,1.0,True,True,True,True,0.8906666189432144,0.0,214,24
it-003+it-004+it-005+it-006,it,kgw,bira,paper_proxy,True,False,0.6184428829808845,0.7197566501938785,False,21,0.09813084112149532,150,1.0,1.0,1.0,1.0,True,True,True,True,0.9621251374483109,0.0,214,21
it-003+it-004+it-005+it-006,it,kgw,bira_position_aware,conservative,False,False,0.7955934104502613,0.7197566501938785,True,6,0.028037383177570093,45,1.0,1.0,1.0,1.0,True,True,True,True,0.7759165018796921,0.0,214,6
it-003+it-004+it-005+it-006,it,kgw,bira_position_aware,intermediate,True,True,0.7044936091842966,0.7197566501938785,False,12,0.056074766355140186,86,1.0,1.0,1.0,1.0,True,True,True,True,0.8931253105401993,0.0,214,12
it-003+it-004+it-005+it-006,it,unigram,no_attack,none,True,False,0.906199100145122,0.7044260012710699,True,0,0.0,0,1.0,1.0,1.0,1.0,True,True,True,True,0.0,0.0,214,0
it-003+it-004+it-005+it-006,it,unigram,simple_paraphrase,fixed,True,False,0.5860122737269561,0.7044260012710699,False,23,0.10747663551401869,138,1.0,1.0,1.0,1.0,True,True,True,True,0.7453346624970436,0.0,214,23
it-003+it-004+it-005+it-006,it,unigram,sira,paper_default,True,False,0.43413011174857796,0.7044260012710699,False,24,0.11214953271028037,143,1.0,1.0,1.0,1.0,True,True,True,True,1.072417013347149,0.0,214,24
it-003+it-004+it-005+it-006,it,unigram,bira,paper_proxy,True,False,0.5532083140814671,0.7044260012710699,False,18,0.08411214953271028,101,1.0,1.0,1.0,1.0,True,True,True,True,0.9857499971985817,0.0,214,18
it-003+it-004+it-005+it-006,it,unigram,bira_position_aware,conservative,False,False,0.7664231410092353,0.7044260012710699,True,6,0.028037383177570093,38,1.0,1.0,1.0,1.0,True,True,True,True,0.8118748664855957,0.0,214,6
it-003+it-004+it-005+it-006,it,unigram,bira_position_aware,intermediate,True,True,0.650554925303698,0.7044260012710699,False,12,0.056074766355140186,72,1.0,1.0,1.0,1.0,True,True,True,True,0.8133333176374435,0.0,214,12
it-003+it-004+it-005+it-006,it,synthid_tournament,no_attack,none,True,False,0.6671940717398711,0.6235376521685319,True,0,0.0,0,1.0,1.0,1.0,1.0,True,True,True,True,0.0,0.0,214,0
it-003+it-004+it-005+it-006,it,synthid_tournament,simple_paraphrase,fixed,True,False,0.44237682247162813,0.6235376521685319,False,23,0.10747663551401869,164,1.0,1.0,1.0,1.0,True,True,True,True,0.7232073694467545,0.0,214,23
it-003+it-004+it-005+it-006,it,synthid_tournament,sira,paper_default,True,False,0.46457802862657116,0.6235376521685319,False,24,0.11214953271028037,163,1.0,1.0,1.0,1.0,True,True,True,True,0.9116251021623611,0.0,214,24
it-003+it-004+it-005+it-006,it,synthid_tournament,bira,paper_proxy,True,False,0.46457802862657116,0.6235376521685319,False,24,0.11214953271028037,163,1.0,1.0,1.0,1.0,True,True,True,True,0.9521674364805222,0.0,214,24
it-003+it-004+it-005+it-006,it,synthid_tournament,bira_position_aware,conservative,False,False,0.6475478461082796,0.6235376521685319,True,6,0.028037383177570093,43,1.0,1.0,1.0,1.0,True,True,True,True,0.8204169571399689,0.0,214,6
it-003+it-004+it-005+it-006,it,synthid_tournament,bira_position_aware,intermediate,True,True,0.5824787402987238,0.6235376521685319,False,12,0.056074766355140186,84,1.0,1.0,1.0,1.0,True,True,True,True,0.8253753185272217,0.0,214,12
it-004+it-005+it-006+it-007,it,kgw,no_attack,none,True,False,0.7435866860049392,0.7197566501938785,True,0,0.0,0,1.0,1.0,1.0,1.0,True,True,True,True,0.0,0.0,205,0
it-004+it-005+it-006+it-007,it,kgw,simple_paraphrase,fixed,True,False,0.5077897585555788,0.7197566501938785,False,19,0.09268292682926829,130,1.0,1.0,1.0,1.0,True,True,True,True,0.6862077862024307,0.0,205,19
it-004+it-005+it-006+it-007,it,kgw,sira,paper_default,True,False,0.44496745476758637,0.7197566501938785,False,21,0.1024390243902439,147,1.0,1.0,1.0,1.0,True,True,True,True,0.8725002408027649,0.0,205,21
it-004+it-005+it-006+it-007,it,kgw,bira,paper_proxy,True,False,0.5869090810711267,0.7197566501938785,False,16,0.07804878048780488,115,1.0,1.0,1.0,1.0,True,True,True,True,0.9010005742311478,0.0,205,16
it-004+it-005+it-006+it-007,it,kgw,bira_position_aware,conservative,False,False,0.7199353684086703,0.7197566501938785,True,5,0.024390243902439025,35,1.0,1.0,1.0,1.0,True,True,True,True,0.7852502167224884,0.0,205,5
it-004+it-005+it-006+it-007,it,kgw,bira_position_aware,intermediate,True,True,0.5775333505589922,0.7197566501938785,False,11,0.05365853658536585,78,1.0,1.0,1.0,1.0,True,True,True,True,0.7824581116437912,0.0,205,11
it-004+it-005+it-006+it-007,it,unigram,no_attack,none,True,False,0.9253825444414454,0.7044260012710699,True,0,0.0,0,1.0,1.0,1.0,1.0,True,True,True,True,0.0,0.0,205,0
it-004+it-005+it-006+it-007,it,unigram,simple_paraphrase,fixed,True,False,0.6268342501137258,0.7044260012710699,False,19,0.09268292682926829,123,1.0,1.0,1.0,1.0,True,True,True,True,0.6957501173019409,0.0,205,19
it-004+it-005+it-006+it-007,it,unigram,sira,paper_default,True,False,0.44261831926078765,0.7044260012710699,False,21,0.1024390243902439,132,1.0,1.0,1.0,1.0,True,True,True,True,0.8360827341675758,0.0,205,21
it-004+it-005+it-006+it-007,it,unigram,bira,paper_proxy,True,False,0.54563527272814,0.7044260012710699,False,15,0.07317073170731707,92,1.0,1.0,1.0,1.0,True,True,True,True,0.9363330900669098,0.0,205,15
it-004+it-005+it-006+it-007,it,unigram,bira_position_aware,conservative,False,False,0.7953184505989787,0.7044260012710699,True,5,0.024390243902439025,35,1.0,1.0,1.0,1.0,True,True,True,True,0.7565831765532494,0.0,205,5
it-004+it-005+it-006+it-007,it,unigram,bira_position_aware,intermediate,True,True,0.621777052512327,0.7044260012710699,False,11,0.05365853658536585,71,1.0,1.0,1.0,1.0,True,True,True,True,0.7962500676512718,0.0,205,11
it-004+it-005+it-006+it-007,it,synthid_tournament,no_attack,none,True,False,0.6677602586415654,0.6235376521685319,True,0,0.0,0,1.0,1.0,1.0,1.0,True,True,True,True,0.0,0.0,205,0
it-004+it-005+it-006+it-007,it,synthid_tournament,simple_paraphrase,fixed,True,False,0.4719288894150435,0.6235376521685319,False,19,0.09268292682926829,133,1.0,1.0,1.0,1.0,True,True,True,True,0.6889579817652702,0.0,205,19
it-004+it-005+it-006+it-007,it,synthid_tournament,sira,paper_default,True,False,0.45659183464416286,0.6235376521685319,False,21,0.1024390243902439,147,1.0,1.0,1.0,1.0,True,True,True,True,0.867750495672226,0.0,205,21
it-004+it-005+it-006+it-007,it,synthid_tournament,bira,paper_proxy,True,False,0.45785769508522045,0.6235376521685319,False,20,0.0975609756097561,140,1.0,1.0,1.0,1.0,True,True,True,True,0.8805003017187119,0.0,205,20
it-004+it-005+it-006+it-007,it,synthid_tournament,bira_position_aware,conservative,False,False,0.6624519938821102,0.6235376521685319,True,5,0.024390243902439025,34,1.0,1.0,1.0,1.0,True,True,True,True,0.7935836911201477,0.0,205,5
it-004+it-005+it-006+it-007,it,synthid_tournament,bira_position_aware,intermediate,True,True,0.555192790010382,0.6235376521685319,False,11,0.05365853658536585,79,1.0,1.0,1.0,1.0,True,True,True,True,0.7960833609104156,0.0,205,11
it-005+it-006+it-007+it-008,it,kgw,no_attack,none,True,False,0.5887041488763849,0.7197566501938785,False,0,0.0,0,1.0,1.0,1.0,1.0,True,True,True,True,0.0,0.0,204,0
it-005+it-006+it-007+it-008,it,kgw,simple_paraphrase,fixed,True,False,0.43473246451227926,0.7197566501938785,False,20,0.09803921568627451,137,1.0,1.0,1.0,1.0,True,True,True,True,0.7135840132832527,0.0,204,20
it-005+it-006+it-007+it-008,it,kgw,sira,paper_default,True,False,0.43489730439308305,0.7197566501938785,False,21,0.10294117647058823,141,1.0,1.0,1.0,1.0,True,True,True,True,0.8794590830802917,0.0,204,21
it-005+it-006+it-007+it-008,it,kgw,bira,paper_proxy,True,False,0.43489730439308305,0.7197566501938785,False,21,0.10294117647058823,141,1.0,1.0,1.0,1.0,True,True,True,True,0.905333086848259,0.0,204,21
it-005+it-006+it-007+it-008,it,kgw,bira_position_aware,conservative,True,True,0.5304754060980786,0.7197566501938785,False,5,0.024509803921568627,34,1.0,1.0,1.0,1.0,True,True,True,True,0.7637497037649155,0.0,204,5
it-005+it-006+it-007+it-008,it,unigram,no_attack,none,True,False,0.9279213923436347,0.7044260012710699,True,0,0.0,0,1.0,1.0,1.0,1.0,True,True,True,True,0.0,0.0,204,0
it-005+it-006+it-007+it-008,it,unigram,simple_paraphrase,fixed,True,False,0.49255677513081214,0.7044260012710699,False,20,0.09803921568627451,126,1.0,1.0,1.0,1.0,True,True,True,True,0.6788335740566254,0.0,204,20
it-005+it-006+it-007+it-008,it,unigram,sira,paper_default,True,False,0.5319777943688324,0.7044260012710699,False,21,0.10294117647058823,132,1.0,1.0,1.0,1.0,True,True,True,True,0.8629579097032547,0.0,204,21
it-005+it-006+it-007+it-008,it,unigram,bira,paper_proxy,True,False,0.5618492727115593,0.7044260012710699,False,16,0.0784313725490196,100,1.0,1.0,1.0,1.0,True,True,True,True,0.9612496942281723,0.0,204,16
it-005+it-006+it-007+it-008,it,unigram,bira_position_aware,conservative,False,False,0.7639340480662622,0.7044260012710699,True,5,0.024509803921568627,35,1.0,1.0,1.0,1.0,True,True,True,True,0.787791796028614,0.0,204,5
it-005+it-006+it-007+it-008,it,unigram,bira_position_aware,intermediate,True,True,0.6313699284615911,0.7044260012710699,False,11,0.05392156862745098,72,1.0,1.0,1.0,1.0,True,True,True,True,0.8037080988287926,0.0,204,11
it-005+it-006+it-007+it-008,it,synthid_tournament,no_attack,none,True,False,0.7145514081956751,0.6235376521685319,True,0,0.0,0,1.0,1.0,1.0,1.0,True,True,True,True,0.0,0.0,204,0
it-005+it-006+it-007+it-008,it,synthid_tournament,simple_paraphrase,fixed,True,False,0.5171602522326056,0.6235376521685319,False,20,0.09803921568627451,141,1.0,1.0,1.0,1.0,True,True,True,True,0.7064994424581528,0.0,204,20
it-005+it-006+it-007+it-008,it,synthid_tournament,sira,paper_default,True,False,0.45841914553290575,0.6235376521685319,False,21,0.10294117647058823,144,1.0,1.0,1.0,1.0,True,True,True,True,0.8520828559994698,0.0,204,21
it-005+it-006+it-007+it-008,it,synthid_tournament,bira,paper_proxy,True,False,0.4099193248135931,0.6235376521685319,False,24,0.11764705882352941,163,1.0,1.0,1.0,1.0,True,True,True,True,1.0855840519070625,0.0,204,24
it-005+it-006+it-007+it-008,it,synthid_tournament,bira_position_aware,conservative,False,False,0.6790329500786348,0.6235376521685319,True,5,0.024509803921568627,33,1.0,1.0,1.0,1.0,True,True,True,True,0.7521249353885651,0.0,204,5
it-005+it-006+it-007+it-008,it,synthid_tournament,bira_position_aware,intermediate,True,True,0.5927205678082558,0.6235376521685319,False,11,0.05392156862745098,77,1.0,1.0,1.0,1.0,True,True,True,True,0.8309157565236092,0.0,204,11
it-006+it-007+it-008+it-001,it,kgw,no_attack,none,True,False,0.6138865965442906,0.7197566501938785,False,0,0.0,0,1.0,1.0,1.0,1.0,True,True,True,True,0.0,0.0,203,0
it-006+it-007+it-008+it-001,it,kgw,simple_paraphrase,fixed,True,False,0.3323352101324441,0.7197566501938785,False,25,0.12315270935960591,156,1.0,1.0,1.0,1.0,True,True,True,True,0.7043341174721718,0.0,203,25
it-006+it-007+it-008+it-001,it,kgw,sira,paper_default,True,False,0.3538111674271791,0.7197566501938785,False,26,0.12807881773399016,166,1.0,1.0,1.0,1.0,True,True,True,True,0.9124577045440674,0.0,203,26
it-006+it-007+it-008+it-001,it,kgw,bira,paper_proxy,True,False,0.35267224048249335,0.7197566501938785,False,27,0.1330049261083744,173,1.0,1.0,1.0,1.0,True,True,True,True,0.9722504764795303,0.0,203,27
it-006+it-007+it-008+it-001,it,kgw,bira_position_aware,conservative,True,True,0.5109857120765087,0.7197566501938785,False,6,0.029556650246305417,43,1.0,1.0,1.0,1.0,True,True,True,True,0.8032908663153648,0.0,203,6
it-006+it-007+it-008+it-001,it,unigram,no_attack,none,True,False,0.9116738235990295,0.7044260012710699,True,0,0.0,0,1.0,1.0,1.0,1.0,True,True,True,True,0.0,0.0,203,0
it-006+it-007+it-008+it-001,it,unigram,simple_paraphrase,fixed,True,False,0.5754330806072003,0.7044260012710699,False,25,0.12315270935960591,161,1.0,1.0,1.0,1.0,True,True,True,True,0.6876671686768532,0.0,203,25
it-006+it-007+it-008+it-001,it,unigram,sira,paper_default,True,False,0.48478685832239604,0.7044260012710699,False,26,0.12807881773399016,159,1.0,1.0,1.0,1.0,True,True,True,True,0.8771652355790138,0.0,203,26
it-006+it-007+it-008+it-001,it,unigram,bira,paper_proxy,True,False,0.5651106818695301,0.7044260012710699,False,19,0.09359605911330049,115,1.0,1.0,1.0,1.0,True,True,True,True,0.9733336046338081,0.0,203,19
it-006+it-007+it-008+it-001,it,unigram,bira_position_aware,conservative,False,False,0.7843119645590296,0.7044260012710699,True,6,0.029556650246305417,37,1.0,1.0,1.0,1.0,True,True,True,True,0.7769577205181122,0.0,203,6
it-006+it-007+it-008+it-001,it,unigram,bira_position_aware,intermediate,True,True,0.6477209875689534,0.7044260012710699,False,13,0.06403940886699508,80,1.0,1.0,1.0,1.0,True,True,True,True,1.1116676032543182,0.0,203,13
it-006+it-007+it-008+it-001,it,synthid_tournament,no_attack,none,True,False,0.683394092753958,0.6235376521685319,True,0,0.0,0,1.0,1.0,1.0,1.0,True,True,True,True,0.0,0.0,203,0
it-006+it-007+it-008+it-001,it,synthid_tournament,simple_paraphrase,fixed,True,False,0.5506039052100832,0.6235376521685319,False,25,0.12315270935960591,168,1.0,1.0,1.0,1.0,True,True,True,True,0.7245000451803207,0.0,203,25
it-006+it-007+it-008+it-001,it,synthid_tournament,sira,paper_default,True,False,0.4819271775587543,0.6235376521685319,False,26,0.12807881773399016,169,1.0,1.0,1.0,1.0,True,True,True,True,0.8779997006058693,0.0,203,26
it-006+it-007+it-008+it-001,it,synthid_tournament,bira,paper_proxy,True,False,0.4476353761980909,0.6235376521685319,False,29,0.14285714285714285,191,1.0,1.0,1.0,1.0,True,True,True,True,0.9797923266887665,0.0,203,29
it-006+it-007+it-008+it-001,it,synthid_tournament,bira_position_aware,conservative,False,False,0.6396293327592477,0.6235376521685319,True,6,0.029556650246305417,41,1.0,1.0,1.0,1.0,True,True,True,True,0.7970007136464119,0.0,203,6
it-006+it-007+it-008+it-001,it,synthid_tournament,bira_position_aware,intermediate,True,True,0.5942195684364225,0.6235376521685319,False,13,0.06403940886699508,91,1.0,1.0,1.0,1.0,True,True,True,True,0.8216248825192451,0.0,203,13
it-007+it-008+it-001+it-002,it,kgw,no_attack,none,True,False,0.5460413383806205,0.7197566501938785,False,0,0.0,0,1.0,1.0,1.0,1.0,True,True,True,True,0.0,0.0,207,0
it-007+it-008+it-001+it-002,it,kgw,simple_paraphrase,fixed,True,False,0.46142140789694575,0.7197566501938785,False,25,0.12077294685990338,151,1.0,1.0,1.0,1.0,True,True,True,True,0.7025003433227539,0.0,207,25
it-007+it-008+it-001+it-002,it,kgw,sira,paper_default,True,False,0.37399677468866266,0.7197566501938785,False,27,0.13043478260869565,177,1.0,1.0,1.0,1.0,True,True,True,True,0.8776253089308739,0.0,207,27
it-007+it-008+it-001+it-002,it,kgw,bira,paper_proxy,True,False,0.3173153593335489,0.7197566501938785,False,30,0.14492753623188406,192,1.0,1.0,1.0,1.0,True,True,True,True,0.9918343275785446,0.0,207,30
it-007+it-008+it-001+it-002,it,kgw,bira_position_aware,conservative,True,True,0.4983146806565827,0.7197566501938785,False,6,0.028985507246376812,42,1.0,1.0,1.0,1.0,True,True,True,True,0.7839575409889221,0.0,207,6
it-007+it-008+it-001+it-002,it,unigram,no_attack,none,True,False,0.8894033320506511,0.7044260012710699,True,0,0.0,0,1.0,1.0,1.0,1.0,True,True,True,True,0.0,0.0,207,0
it-007+it-008+it-001+it-002,it,unigram,simple_paraphrase,fixed,True,False,0.6038719082662052,0.7044260012710699,False,25,0.12077294685990338,159,1.0,1.0,1.0,1.0,True,True,True,True,0.7138745859265327,0.0,207,25
it-007+it-008+it-001+it-002,it,unigram,sira,paper_default,True,False,0.49743300029908616,0.7044260012710699,False,27,0.13043478260869565,161,1.0,1.0,1.0,1.0,True,True,True,True,0.9124595671892166,0.0,207,27
it-007+it-008+it-001+it-002,it,unigram,bira,paper_proxy,True,False,0.5776556532265202,0.7044260012710699,False,19,0.09178743961352658,109,1.0,1.0,1.0,1.0,True,True,True,True,0.9622080251574516,0.0,207,19
it-007+it-008+it-001+it-002,it,unigram,bira_position_aware,conservative,False,False,0.7647718554360398,0.7044260012710699,True,6,0.028985507246376812,39,1.0,1.0,1.0,1.0,True,True,True,True,0.7576672360301018,0.0,207,6
it-007+it-008+it-001+it-002,it,unigram,bira_position_aware,intermediate,True,True,0.6304015580425316,0.7044260012710699,False,14,0.06763285024154589,79,1.0,1.0,1.0,1.0,True,True,True,True,0.82370825111866,0.0,207,14
it-007+it-008+it-001+it-002,it,synthid_tournament,no_attack,none,True,False,0.7094346821380663,0.6235376521685319,True,0,0.0,0,1.0,1.0,1.0,1.0,True,True,True,True,0.0,0.0,207,0
it-007+it-008+it-001+it-002,it,synthid_tournament,simple_paraphrase,fixed,True,False,0.49335427630262296,0.6235376521685319,False,25,0.12077294685990338,162,1.0,1.0,1.0,1.0,True,True,True,True,0.6903745234012604,0.0,207,25
it-007+it-008+it-001+it-002,it,synthid_tournament,sira,paper_default,True,False,0.5315469115218224,0.6235376521685319,False,27,0.13043478260869565,173,1.0,1.0,1.0,1.0,True,True,True,True,0.942000187933445,0.0,207,27
it-007+it-008+it-001+it-002,it,synthid_tournament,bira,paper_proxy,True,False,0.4964495547006893,0.6235376521685319,False,29,0.14009661835748793,187,1.0,1.0,1.0,1.0,True,True,True,True,0.9714998304843903,0.0,207,29
it-007+it-008+it-001+it-002,it,synthid_tournament,bira_position_aware,conservative,False,False,0.6641168942434399,0.6235376521685319,True,6,0.028985507246376812,38,1.0,1.0,1.0,1.0,True,True,True,True,0.8091656491160393,0.0,207,6
it-007+it-008+it-001+it-002,it,synthid_tournament,bira_position_aware,intermediate,False,False,0.6313940028588094,0.6235376521685319,True,14,0.06763285024154589,90,1.0,1.0,1.0,1.0,True,True,True,True,0.8246675133705139,0.0,207,14
it-007+it-008+it-001+it-002,it,synthid_tournament,bira_position_aware,aggressive,True,True,0.49294047937223556,0.6235376521685319,False,25,0.12077294685990338,157,1.0,1.0,1.0,1.0,True,True,True,True,0.9202081710100174,0.0,207,25
it-008+it-001+it-002+it-003,it,kgw,no_attack,none,True,False,0.6917695726793043,0.7197566501938785,False,0,0.0,0,1.0,1.0,1.0,1.0,True,True,True,True,0.0,0.0,216,0
it-008+it-001+it-002+it-003,it,kgw,simple_paraphrase,fixed,True,False,0.47934158537863497,0.7197566501938785,False,28,0.12962962962962962,172,1.0,1.0,1.0,1.0,True,True,True,True,0.7593752816319466,0.0,216,28
it-008+it-001+it-002+it-003,it,kgw,sira,paper_default,True,False,0.447742296354772,0.7197566501938785,False,31,0.14351851851851852,208,1.0,1.0,1.0,1.0,True,True,True,True,0.9962907060980797,0.0,216,31
it-008+it-001+it-002+it-003,it,kgw,bira,paper_proxy,True,False,0.3736168169154883,0.7197566501938785,False,35,0.16203703703703703,227,1.0,1.0,1.0,1.0,True,True,True,True,1.0177502408623695,0.0,216,35
it-008+it-001+it-002+it-003,it,kgw,bira_position_aware,conservative,True,True,0.6077041912457314,0.7197566501938785,False,7,0.032407407407407406,51,1.0,1.0,1.0,1.0,True,True,True,True,0.8049588650465012,0.0,216,7
it-008+it-001+it-002+it-003,it,unigram,no_attack,none,True,False,0.8785631771964956,0.7044260012710699,True,0,0.0,0,1.0,1.0,1.0,1.0,True,True,True,True,0.0,0.0,216,0
it-008+it-001+it-002+it-003,it,unigram,simple_paraphrase,fixed,True,False,0.5860435798379899,0.7044260012710699,False,28,0.12962962962962962,171,1.0,1.0,1.0,1.0,True,True,True,True,0.7537500932812691,0.0,216,28
it-008+it-001+it-002+it-003,it,unigram,sira,paper_default,True,False,0.48542039874970677,0.7044260012710699,False,31,0.14351851851851852,179,1.0,1.0,1.0,1.0,True,True,True,True,0.9740414097905159,0.0,216,31
it-008+it-001+it-002+it-003,it,unigram,bira,paper_proxy,True,False,0.5801354934156103,0.7044260012710699,False,22,0.10185185185185185,120,1.0,1.0,1.0,1.0,True,True,True,True,1.0526664555072784,0.0,216,22
it-008+it-001+it-002+it-003,it,unigram,bira_position_aware,conservative,False,False,0.7454455011678484,0.7044260012710699,True,7,0.032407407407407406,42,1.0,1.0,1.0,1.0,True,True,True,True,0.832708552479744,0.0,216,7
it-008+it-001+it-002+it-003,it,unigram,bira_position_aware,intermediate,True,True,0.6275304272498629,0.7044260012710699,False,16,0.07407407407407407,86,1.0,1.0,1.0,1.0,True,True,True,True,0.886041671037674,0.0,216,16
it-008+it-001+it-002+it-003,it,synthid_tournament,no_attack,none,True,False,0.7161563343366524,0.6235376521685319,True,0,0.0,0,1.0,1.0,1.0,1.0,True,True,True,True,0.0,0.0,216,0
it-008+it-001+it-002+it-003,it,synthid_tournament,simple_paraphrase,fixed,True,False,0.47867386288014735,0.6235376521685319,False,28,0.12962962962962962,184,1.0,1.0,1.0,1.0,True,True,True,True,0.7398743182420731,0.0,216,28
it-008+it-001+it-002+it-003,it,synthid_tournament,sira,paper_default,True,False,0.5131323277724208,0.6235376521685319,False,31,0.14351851851851852,194,1.0,1.0,1.0,1.0,True,True,True,True,1.0860003530979156,0.0,216,31
it-008+it-001+it-002+it-003,it,synthid_tournament,bira,paper_proxy,True,False,0.4798775813144029,0.6235376521685319,False,34,0.1574074074074074,215,1.0,1.0,1.0,1.0,True,True,True,True,1.058666966855526,0.0,216,34
it-008+it-001+it-002+it-003,it,synthid_tournament,bira_position_aware,conservative,False,False,0.6445897170893153,0.6235376521685319,True,7,0.032407407407407406,47,1.0,1.0,1.0,1.0,True,True,True,True,0.8252086117863655,0.0,216,7
it-008+it-001+it-002+it-003,it,synthid_tournament,bira_position_aware,intermediate,True,True,0.6136115052079616,0.6235376521685319,False,16,0.07407407407407407,101,1.0,1.0,1.0,1.0,True,True,True,True,0.9033754467964172,0.0,216,16
